Feature,Correlation
Physical_Mental_Health_Problems,0.00798163892818141
Social_Isolation,0.007430009806564271
Legal_Consequences,0.0054295062843861645
Academic_Performance_Decline,0.003922995578793993
Risk_Taking_Behavior,0.0007137201041006533
