Feature,Chi2 Score
Physical_Mental_Health_Problems,0.9571910636974295
Social_Isolation,0.8309463482623695
Withdrawal_Symptoms,0.6065745352978608
Legal_Consequences,0.4425763113832353
Academic_Performance_Decline,0.23194109716465877
Denial_and_Resistance_to_Treatment,0.13287099865046942
Experimentation,0.06386331232032644
Financial_Issues,0.029597152281709387
Risk_Taking_Behavior,0.0076801693267605185
Relationship_Strain,1.3026307436189794e-05
