Feature,Importance
Withdrawal_Symptoms,0.2188324535374087
Risk_Taking_Behavior,0.20338679733743617
Relationship_Strain,0.11835159758970287
Denial_and_Resistance_to_Treatment,0.106995796236986
Financial_Issues,0.10350332936958014
Experimentation,0.08329334092592042
Academic_Performance_Decline,0.07324688203712036
Social_Isolation,0.04797103657097605
Legal_Consequences,0.042397686910952415
Physical_Mental_Health_Problems,0.002021079483916876
