Feature,L1 Coefficient
Physical_Mental_Health_Problems,0.03313507920916993
Social_Isolation,0.030881660631968105
Withdrawal_Symptoms,0.027019439828134515
Legal_Consequences,0.02247132134488867
Academic_Performance_Decline,0.015608230485287105
Denial_and_Resistance_to_Treatment,0.012408955098460616
Experimentation,0.008398361305783576
Financial_Issues,0.005966581918962574
Risk_Taking_Behavior,0.0020766110802630483
Relationship_Strain,0.0001785434958525027
