Feature,Mutual_Info_Score
Physical_Mental_Health_Problems,0.007584708222970971
Legal_Consequences,0.0059504317662417705
Experimentation,0.005580170478043378
Risk_Taking_Behavior,0.004351685507929082
Relationship_Strain,0.0037825239736684058
