Feature,Mutual Info Score
Financial_Issues,0.006054515057861476
Social_Isolation,0.005835684393071583
Denial_and_Resistance_to_Treatment,0.005017285849778341
Physical_Mental_Health_Problems,0.004897930184619259
Relationship_Strain,0.004647479809245292
Experimentation,0.004046461457247741
Academic_Performance_Decline,0.003118439842765497
Legal_Consequences,0.0020459079575709804
Risk_Taking_Behavior,0.0007984064532464696
Withdrawal_Symptoms,0.0006402806476673017
